#,運航会社,便名,出発地,出発時刻,到着地,到着時刻,区間マイル,アクション,料金
1,JAL,901,東京(羽田),6:20,沖縄(那覇),9:05,984,,13860
2,JAL,501,東京(羽田),6:25,札幌(新千歳),7:55,510,,13750
3,JAL,641,東京(羽田),6:25,鹿児島,8:20,601,,14410
4,JAL,303,東京(羽田),6:25,福岡,8:25,567,,14410
5,JAL,101,東京(羽田),6:30,大阪(伊丹),7:40,280,,10120
6,JTA,971,東京(羽田),6:30,石垣,10:00,1224,,17050
7,JAL,623,東京(羽田),6:30,熊本,8:20,568,,15070
8,JAL,253,東京(羽田),6:45,広島,8:10,414,,12540
9,J-AIR,161,東京(羽田),6:55,秋田,8:00,279,,11110
10,JAL,221,東京(羽田),7:00,大阪(関西),8:20,280,,10120
11,J-AIR,2050,福岡,7:00,大阪(伊丹),8:00,287,,8690
12,JAL,220,大阪(関西),7:00,東京(羽田),8:05,280,,10120
13,JAL,300,福岡,7:00,東京(羽田),8:35,567,,14410
14,JAL,453,東京(羽田),7:00,徳島,8:15,329,,12760
15,FDA,4381,名古屋(小牧),7:00,福岡,8:35,374,,17050
16,J-AIR,2241,大阪(伊丹),7:05,新潟,8:10,314,,9680
17,J-AIR,2345,大阪(伊丹),7:05,出雲,7:55,148,,10230
18,J-AIR,3681,福岡,7:05,奄美大島,8:15,360,,13750
19,JAL,102,大阪(伊丹),7:05,東京(羽田),8:10,280,,10120
20,JAL,305,東京(羽田),7:05,福岡,9:00,567,,14410
21,JAL,277,東京(羽田),7:05,出雲,8:30,405,,15620
22,J-AIR,2371,大阪(伊丹),7:10,長崎,8:35,330,,10230
23,JAL,490,高知,7:10,東京(羽田),8:25,393,,13090
24,JAL,474,高松,7:10,東京(羽田),8:25,354,,13310
25,JAL,232,岡山,7:10,東京(羽田),8:20,356,,11880
26,JAL,431,東京(羽田),7:10,松山,8:40,438,,13750
27,J-AIR,2401,大阪(伊丹),7:10,鹿児島,8:25,329,,10670
28,JTA,601,沖縄(那覇),7:10,石垣,8:15,247,,7590
29,J-AIR,2361,大阪(伊丹),7:10,大分,8:10,219,,9790
30,JTA,50,沖縄(那覇),7:10,福岡,8:50,537,,15730
31,JAL,565,東京(羽田),7:10,女満別,8:50,609,,14410
32,FDA,4401,名古屋(小牧),7:10,熊本,8:40,375,,18370
33,JTA,551,沖縄(那覇),7:15,宮古,8:10,177,,7150
34,J-AIR,2181,大阪(伊丹),7:15,花巻,8:40,474,,16500
35,J-AIR,2431,大阪(伊丹),7:15,宮崎,8:25,292,,10340
36,JTA,2,沖縄(那覇),7:15,大阪(関西),9:05,739,,13200
37,JAL,141,東京(羽田),7:15,青森,8:30,358,,14300
38,RAC,721,沖縄(那覇),7:15,与那国,8:35,316,,23430
39,JAC,3551,福岡,7:15,出雲,8:20,188,,13530
40,JTA,51,福岡,7:15,沖縄(那覇),8:55,537,,15730
41,JTA,183,東京(羽田),7:15,小松,8:20,211,,9790
42,J-AIR,175,東京(羽田),7:20,山形,8:25,190,,10780
43,FDA,4461,名古屋(小牧),7:20,出雲,8:20,226,,17380
44,J-AIR,2201,大阪(伊丹),7:20,仙台,8:35,396,,10780
45,JAL,590,札幌(新千歳),7:20,東京(羽田),9:05,510,,13750
46,J-AIR,3623,福岡,7:20,宮崎,8:00,131,,6490
47,J-AIR,2383,大阪(伊丹),7:25,熊本,8:40,290,,10890
48,JAL,302,福岡,7:25,東京(羽田),9:00,567,,14410
49,J-AIR,2051,大阪(伊丹),7:25,福岡,8:45,287,,8690
50,JAC,3801,鹿児島,7:25,沖永良部,8:50,326,,17380
51,JAL,503,東京(羽田),7:30,札幌(新千歳),9:00,510,,13750
52,JAL,103,東京(羽田),7:30,大阪(伊丹),8:40,280,,10120
53,JAL,903,東京(羽田),7:30,沖縄(那覇),10:20,984,,13860
54,JAL,104,大阪(伊丹),7:30,東京(羽田),8:40,280,,10120
55,JTA,43,名古屋(中部),7:30,沖縄(那覇),9:55,809,,15290
56,JAL,4051,長崎,7:30,対馬,8:05,98,,12210
57,JAL,605,東京(羽田),7:30,長崎,9:25,610,,16940
58,JAL,900,沖縄(那覇),7:30,東京(羽田),9:40,984,,13860
59,FDA,4377,名古屋(小牧),7:35,高知,8:40,201,,15620
60,J-AIR,2200,仙台,7:35,大阪(伊丹),8:55,396,,10780
61,J-AIR,2400,鹿児島,7:35,大阪(伊丹),8:40,329,,10670
62,J-AIR,3620,宮崎,7:35,福岡,8:25,131,,6490
63,JAC,3783,鹿児島,7:35,喜界島,8:45,246,,13530
64,J-AIR,2151,大阪(伊丹),7:35,青森,9:05,523,,12100
65,J-AIR,2713,札幌(新千歳),7:35,女満別,8:20,148,,7370
66,JAL,622,熊本,7:35,東京(羽田),9:15,568,,15070
67,JAL,551,東京(羽田),7:35,旭川,9:20,576,,14190
68,JAL,606,長崎,7:35,東京(羽田),9:15,610,,16940
69,JAL,491,東京(羽田),7:35,高知,9:00,393,,13090
70,JAL,213,東京(羽田),7:35,南紀白浜,8:50,303,,16720
71,HAC,2741,札幌(丘珠),7:35,函館,8:15,90,,7700
72,JAL,452,徳島,7:40,東京(羽田),8:55,329,,12760
73,JAL,430,松山,7:40,東京(羽田),9:00,438,,13750
74,J-AIR,290,山口宇部,7:40,東京(羽田),9:10,510,,13200
75,JAL,276,出雲,7:40,東京(羽田),9:00,405,,15620
76,JAL,140,青森,7:40,東京(羽田),9:00,358,,14300
77,JTA,121,大阪(関西),7:40,宮古,10:15,906,,16830
78,J-AIR,2900,札幌(新千歳),7:40,仙台,8:50,335,,11000
79,JAC,3721,鹿児島,7:40,奄美大島,8:55,242,,14410
80,JAL,3890,天草,7:40,福岡,8:20,78,,14740
81,JAL,500,札幌(新千歳),7:40,東京(羽田),9:20,510,,13750
82,JAL,585,東京(羽田),7:40,函館,9:00,424,,13200
83,JAL,202,名古屋(中部),7:40,東京(羽田),8:40,193,,8360
84,J-AIR,688,宮崎,7:40,東京(羽田),9:15,561,,15070
85,JAL,4079,福岡,7:45,対馬,8:20,81,,11220
86,J-AIR,2380,熊本,7:45,大阪(伊丹),8:45,290,,10890
87,JAL,475,東京(羽田),7:45,高松,9:05,354,,13310
88,JAL,573,東京(羽田),7:45,帯広,9:25,526,,14190
89,RAC,871,沖縄(那覇),7:45,久米島,8:15,59,,5500
90,JAL,182,小松,7:45,東京(羽田),8:50,211,,9790
91,JAL,252,広島,7:45,東京(羽田),9:05,414,,12540
92,JAL,3910,札幌(新千歳),7:45,大阪(伊丹),9:45,666,,11990
93,J-AIR,291,東京(羽田),7:45,山口宇部,9:30,510,,13200
94,FDA,4471,福岡,7:45,札幌(新千歳),10:05,882,,12650
95,JAL,640,鹿児島,7:45,東京(羽田),9:20,601,,14410
96,JAL,373,東京(羽田),7:50,北九州,9:40,534,,13310
97,JAC,3791,鹿児島,7:50,徳之島,9:15,296,,15070
98,JAL,662,大分,7:50,東京(羽田),9:20,499,,15070
99,J-AIR,2901,仙台,7:50,札幌(新千歳),9:00,335,,11000
100,HAC,2740,函館,7:50,札幌(丘珠),8:30,90,,7700
101,JAL,153,東京(羽田),7:50,三沢,9:15,355,,13750
102,J-AIR,2171,大阪(伊丹),7:55,秋田,9:15,439,,11000
103,FDA,4312,静岡,8:00,福岡,9:50,451,,20570
104,JAL,541,東京(羽田),8:00,釧路,9:30,555,,13640
105,FDA,4383,名古屋(小牧),8:00,福岡,9:35,374,,17050
106,JAL,307,東京(羽田),8:00,福岡,10:00,567,,14410
107,HAC,2861,札幌(丘珠),8:00,釧路,8:45,136,,7700
108,JAL,905,東京(羽田),8:00,沖縄(那覇),10:55,984,,13860
109,RAC,801,沖縄(那覇),8:00,宮古,8:55,177,,7150
110,RAC,861,沖縄(那覇),8:00,南大東,8:55,225,,13420
111,JAL,661,東京(羽田),8:00,大分,9:40,499,,15070
112,JAL,2001,大阪(伊丹),8:00,札幌(新千歳),9:45,666,,11990
113,JAL,3941,大阪(伊丹),8:05,沖縄(那覇),10:30,739,,13200
114,FDA,4341,福岡,8:05,松本,9:30,461,,25630
115,JAL,643,東京(羽田),8:05,鹿児島,9:55,601,,14410
116,JAL,625,東京(羽田),8:05,熊本,9:55,568,,15070
117,JAL,231,東京(羽田),8:05,岡山,9:30,356,,11880
118,JAL,505,東京(羽田),8:05,札幌(新千歳),9:35,510,,13750
119,J-AIR,2233,大阪(伊丹),8:05,山形,9:20,385,,11220
120,JAC,3761,鹿児島,8:10,種子島,8:50,88,,9240
121,FDA,4421,名古屋(小牧),8:10,青森,9:30,465,,21010
122,JAL,201,東京(羽田),8:10,名古屋(中部),9:10,193,,8360
123,JAL,2081,大阪(伊丹),8:15,沖縄(那覇),10:35,739,,13200
124,J-AIR,3953,大阪(伊丹),8:20,鹿児島,9:35,329,,10670
125,JAL,687,東京(羽田),8:20,宮崎,10:10,561,,15070
126,JTA,1,大阪(関西),8:20,沖縄(那覇),10:45,739,,13200
127,JAL,3082,名古屋(中部),8:20,東京(成田),9:30,193,,8360
128,HAC,2743,札幌(丘珠),8:25,函館,9:05,90,,7700
129,HAC,2881,札幌(丘珠),8:25,利尻,9:20,159,,9020
130,J-AIR,2344,出雲,8:25,大阪(伊丹),9:10,148,,10230
131,JAL,304,福岡,8:25,東京(羽田),10:00,567,,14410
132,JAL,3101,名古屋(中部),8:30,札幌(新千歳),10:10,614,,12100
133,J-AIR,2301,大阪(伊丹),8:30,松山,9:25,159,,11330
134,J-AIR,3624,宮崎,8:30,福岡,9:20,131,,6490
135,FDA,4411,名古屋(小牧),8:30,花巻,9:40,409,,21010
136,JAL,907,東京(羽田),8:30,沖縄(那覇),11:20,984,,13860
137,JAL,106,大阪(伊丹),8:30,東京(羽田),9:35,280,,10120
138,FDA,4301,静岡,8:30,熊本,10:25,448,,25850
139,JTA,2052,沖縄(那覇),8:30,福岡,10:10,537,,15730
140,JTA,13,岡山,8:30,沖縄(那覇),10:40,690,,20570
141,JAL,4052,対馬,8:35,長崎,9:15,98,,12210
142,JAL,107,東京(羽田),8:35,大阪(伊丹),9:45,280,,10120
143,JTA,45,名古屋(中部),8:40,沖縄(那覇),11:10,809,,15290
144,J-AIR,2362,大分,8:40,大阪(伊丹),9:35,219,,9790
145,J-AIR,162,秋田,8:40,東京(羽田),9:55,279,,11110
146,JAC,3725,鹿児島,8:45,奄美大島,10:00,242,,14410
147,HAC,2742,函館,8:45,札幌(丘珠),9:25,90,,7700
148,RAC,872,久米島,8:45,沖縄(那覇),9:20,59,,5500
149,J-AIR,2240,新潟,8:45,大阪(伊丹),9:55,314,,9680
150,J-AIR,2710,女満別,8:50,札幌(新千歳),9:35,148,,7370
151,JAL,4080,対馬,8:50,福岡,9:25,81,,11220
152,JAL,502,札幌(新千歳),8:50,東京(羽田),10:30,510,,13750
153,JAL,3891,福岡,8:50,天草,9:25,78,,14740
154,JAL,255,東京(羽田),8:50,広島,10:15,414,,12540
155,JAC,3741,鹿児島,8:50,屋久島,9:30,102,,9020
156,J-AIR,3722,奄美大島,8:50,鹿児島,9:40,242,,14410
157,J-AIR,3793,鹿児島,8:50,徳之島,9:55,296,,15070
158,JTA,600,石垣,8:55,沖縄(那覇),9:55,247,,7590
159,JAL,254,広島,8:55,東京(羽田),10:10,414,,12540
160,JAL,507,東京(羽田),8:55,札幌(新千歳),10:30,510,,13750
161,FDA,4462,出雲,8:55,名古屋(小牧),9:50,226,,17380
162,J-AIR,2432,宮崎,8:55,大阪(伊丹),9:55,292,,10340
163,JTA,552,宮古,8:55,沖縄(那覇),9:45,177,,7150
164,JAL,2000,札幌(新千歳),8:55,大阪(伊丹),10:55,666,,11990
165,JAL,4041,長崎,8:55,壱岐,9:25,60,,9350
166,JAC,2323,大阪(伊丹),9:00,但馬,9:40,68,,8360
167,J-AIR,2402,鹿児島,9:00,大阪(伊丹),10:05,329,,10670
168,J-AIR,2234,山形,9:00,大阪(伊丹),10:25,385,,11220
169,FDA,4529,福岡,9:00,仙台,10:50,665,,16830
170,JTA,184,小松,9:00,東京(羽田),10:05,211,,9790
171,JAC,3433,出雲,9:00,隠岐,9:30,65,,11550
172,JAL,309,東京(羽田),9:05,福岡,11:05,567,,14410
173,J-AIR,3591,福岡,9:05,松山,9:45,131,,12980
174,FDA,4337,静岡,9:05,出雲,10:25,304,,17050
175,JAL,454,徳島,9:05,東京(羽田),10:15,329,,12760
176,FDA,4423,名古屋(小牧),9:05,青森,10:25,465,,21010
177,RAC,742,与那国,9:05,石垣,9:35,80,,9350
178,HAC,2721,札幌(丘珠),9:05,女満別,9:50,148,,7370
179,JAL,3911,大阪(伊丹),9:10,札幌(新千歳),11:00,666,,11990
180,JAL,311,東京(羽田),9:10,福岡,11:10,567,,14410
181,J-AIR,2372,長崎,9:10,大阪(伊丹),10:20,330,,10230
182,FDA,4382,福岡,9:10,名古屋(小牧),10:30,374,,17050
183,J-AIR,2202,仙台,9:10,大阪(伊丹),10:35,396,,10780
184,J-AIR,2382,熊本,9:10,大阪(伊丹),10:15,290,,10890
185,J-AIR,2180,花巻,9:10,大阪(伊丹),10:40,474,,16500
186,FDA,4512,高知,9:10,名古屋(中部),10:05,201,,15620
187,JAL,642,鹿児島,9:10,東京(羽田),10:45,601,,14410
188,JAC,3780,喜界島,9:15,鹿児島,10:20,246,,13530
189,J-AIR,2405,大阪(伊丹),9:15,鹿児島,10:30,329,,10670
190,FDA,4441,名古屋(小牧),9:15,山形,10:20,315,,20680
191,JAL,142,青森,9:15,東京(羽田),10:35,358,,14300
192,JAL,624,熊本,9:15,東京(羽田),10:45,568,,15070
193,HAC,2860,釧路,9:15,札幌(丘珠),10:05,136,,7700
194,JAC,3760,種子島,9:20,鹿児島,9:55,88,,9240
195,JAL,477,東京(羽田),9:20,高松,10:40,354,,13310
196,J-AIR,2053,大阪(伊丹),9:20,福岡,10:35,287,,8690
197,FDA,4400,熊本,9:20,名古屋(小牧),10:40,375,,18370
198,JAL,185,東京(羽田),9:20,小松,10:25,211,,9790
199,J-AIR,3581,福岡,9:20,高知,10:10,187,,16060
200,J-AIR,2903,仙台,9:20,札幌(新千歳),10:35,335,,11000
201,JAC,3800,沖永良部,9:20,鹿児島,10:35,326,,17380
202,RAC,891,宮古,9:25,多良間,9:50,39,,6710
203,JAL,278,出雲,9:25,東京(羽田),10:40,405,,15620
204,JAC,3831,奄美大島,9:25,喜界島,9:45,16,,7480
205,RAC,862,南大東,9:25,沖縄(那覇),10:30,225,,13420
206,JAL,306,福岡,9:25,東京(羽田),11:00,567,,14410
207,JAL,663,東京(羽田),9:30,大分,11:10,499,,15070
208,JAL,562,女満別,9:30,東京(羽田),11:30,609,,14410
209,JTA,53,福岡,9:30,沖縄(那覇),11:20,537,,15730
210,JAL,111,東京(羽田),9:30,大阪(伊丹),10:40,280,,10120
211,JAL,607,東京(羽田),9:30,長崎,11:30,610,,16940
212,JAL,212,南紀白浜,9:30,東京(羽田),10:35,303,,16720
213,J-AIR,2203,大阪(伊丹),9:30,仙台,10:40,396,,10780
214,JAL,432,松山,9:30,東京(羽田),10:50,438,,13750
215,JAL,2501,大阪(関西),9:35,札幌(新千歳),11:25,666,,11990
216,J-AIR,2831,札幌(新千歳),9:35,花巻,10:30,226,,12760
217,HAC,2744,函館,9:35,札幌(丘珠),10:15,90,,7700
218,JAL,110,大阪(伊丹),9:35,東京(羽田),10:40,280,,10120
219,JAL,493,東京(羽田),9:35,高知,11:00,393,,13090
220,J-AIR,2150,青森,9:40,大阪(伊丹),11:15,523,,12100
221,JAL,433,東京(羽田),9:40,松山,11:15,438,,13750
222,JAL,909,東京(羽田),9:40,沖縄(那覇),12:40,984,,13860
223,J-AIR,2161,大阪(伊丹),9:40,三沢,11:10,536,,16280
224,JAC,3842,徳之島,9:45,奄美大島,10:15,65,,10450
225,JAL,584,函館,9:45,東京(羽田),11:15,424,,13200
226,JAL,279,東京(羽田),9:45,出雲,11:10,405,,15620
227,JAL,492,高知,9:45,東京(羽田),11:00,393,,13090
228,JAL,143,東京(羽田),9:50,青森,11:10,358,,14300
229,JAL,4073,長崎,9:50,五島福江,10:20,67,,10230
230,JTA,83,大阪(関西),9:50,石垣,12:40,969,,17930
231,J-AIR,2172,秋田,9:50,大阪(伊丹),11:20,439,,11000
232,JAL,476,高松,9:50,東京(羽田),11:00,354,,13310
233,HAC,2880,利尻,9:50,札幌(丘珠),10:40,159,,9020
234,J-AIR,174,山形,9:50,東京(羽田),11:00,190,,10780
235,JAL,509,東京(羽田),9:55,札幌(新千歳),11:30,510,,13750
236,J-AIR,3563,福岡,9:55,徳島,11:00,242,,13530
237,JTA,605,沖縄(那覇),9:55,石垣,10:55,247,,7590
238,JAL,4042,壱岐,9:55,長崎,10:25,60,,9350
239,JAL,504,札幌(新千歳),9:55,東京(羽田),11:40,510,,13750
240,JAL,2465,大阪(伊丹),9:55,奄美大島,11:40,541,,11110
241,RAC,873,沖縄(那覇),9:55,久米島,10:25,59,,5500
242,J-AIR,2300,松山,9:55,大阪(伊丹),10:45,159,,11330
243,HAC,2733,札幌(丘珠),9:55,根室中標津,10:45,178,,7920
244,JAL,3872,天草,9:55,熊本,10:15,42,,8470
245,JAL,4081,福岡,9:55,対馬,10:30,81,,11220
246,JAC,3434,隠岐,10:00,出雲,10:30,65,,11550
247,JAL,313,東京(羽田),10:00,福岡,12:00,567,,14410
248,J-AIR,689,東京(羽田),10:00,宮崎,11:50,561,,15070
249,JAL,308,福岡,10:00,東京(羽田),11:40,567,,14410
250,JAL,152,三沢,10:00,東京(羽田),11:25,355,,13750
251,J-AIR,292,山口宇部,10:05,東京(羽田),11:35,510,,13200
252,JAL,257,東京(羽田),10:05,広島,11:30,414,,12540
253,JAC,3740,屋久島,10:05,鹿児島,10:40,102,,9020
254,JAL,645,東京(羽田),10:05,鹿児島,11:55,601,,14410
255,J-AIR,3954,鹿児島,10:05,大阪(伊丹),11:10,329,,10670
256,RAC,741,石垣,10:05,与那国,10:35,80,,9350
257,JAL,552,旭川,10:05,東京(羽田),12:00,576,,14190
258,FDA,4315,福岡,10:05,静岡,11:30,451,,20570
259,FDA,4422,青森,10:05,名古屋(小牧),11:35,465,,21010
260,FDA,4362,松本,10:05,大阪(神戸),11:10,183,,17050
261,HAC,2745,札幌(丘珠),10:10,函館,10:50,90,,7700
262,JAL,570,帯広,10:10,東京(羽田),12:00,526,,14190
263,JAL,608,長崎,10:10,東京(羽田),11:45,610,,16940
264,JAC,2324,但馬,10:10,大阪(伊丹),10:45,68,,8360
265,J-AIR,2803,札幌(新千歳),10:10,青森,11:00,153,,8250
266,JAL,627,東京(羽田),10:10,熊本,12:00,568,,15070
267,JAC,3830,喜界島,10:15,奄美大島,10:35,16,,7480
268,J-AIR,2385,大阪(伊丹),10:15,熊本,11:30,290,,10890
269,JAL,455,東京(羽田),10:15,徳島,11:35,329,,12760
270,J-AIR,3592,松山,10:15,福岡,11:10,131,,12980
271,JAL,234,岡山,10:15,東京(羽田),11:25,356,,11880
272,FDA,4412,花巻,10:15,名古屋(小牧),11:40,409,,21010
273,J-AIR,3727,鹿児島,10:20,奄美大島,11:20,242,,14410
274,JAL,902,沖縄(那覇),10:20,東京(羽田),12:35,984,,13860
275,FDA,4433,名古屋(小牧),10:20,新潟,11:15,249,,18920
276,HAC,2720,女満別,10:20,札幌(丘珠),11:10,148,,7370
277,JAL,511,東京(羽田),10:20,札幌(新千歳),11:55,510,,13750
278,JAL,540,釧路,10:20,東京(羽田),12:10,555,,13640
279,JAL,374,北九州,10:25,東京(羽田),11:50,534,,13310
280,FDA,4345,福岡,10:25,松本,11:50,461,,25630
281,JAL,3106,札幌(新千歳),10:25,名古屋(中部),12:15,614,,12100
282,RAC,892,多良間,10:25,宮古,10:50,39,,6710
283,J-AIR,3792,徳之島,10:25,鹿児島,11:15,296,,15070
284,JAC,3743,鹿児島,10:30,屋久島,11:10,102,,9020
285,JAL,913,東京(羽田),10:30,沖縄(那覇),13:20,984,,13860
286,JTA,52,沖縄(那覇),10:30,福岡,12:10,537,,15730
287,JAL,3083,東京(成田),10:30,名古屋(中部),11:40,193,,8360
288,JAL,664,大分,10:30,東京(羽田),11:55,499,,15070
289,J-AIR,2243,大阪(伊丹),10:30,新潟,11:30,314,,9680
290,J-AIR,2365,大阪(伊丹),10:30,大分,11:30,219,,9790
291,RAC,823,沖縄(那覇),10:35,与論,11:15,74,,12430
292,JAL,626,熊本,10:35,東京(羽田),12:10,568,,15070
293,JAL,113,東京(羽田),10:35,大阪(伊丹),11:45,280,,10120
294,J-AIR,163,東京(羽田),10:35,秋田,11:50,279,,11110
295,JTA,557,沖縄(那覇),10:40,宮古,11:35,177,,7150
296,J-AIR,2351,大阪(伊丹),10:40,出雲,11:30,148,,10230
297,FDA,4483,札幌(新千歳),10:40,新潟,12:05,369,,9790
298,FDA,4521,名古屋(中部),10:40,出雲,11:45,226,,17380
299,JAL,233,東京(羽田),10:40,岡山,12:00,356,,11880
300,JAL,506,札幌(新千歳),10:40,東京(羽田),12:25,510,,13750
301,J-AIR,3582,高知,10:40,福岡,11:45,187,,16060
302,JTA,972,石垣,10:40,東京(羽田),13:20,1224,,17050
303,JAC,3724,奄美大島,10:45,鹿児島,11:55,242,,14410
304,JAL,112,大阪(伊丹),10:45,東京(羽田),11:55,280,,10120
305,JAL,3880,熊本,10:45,大阪(伊丹),12:00,290,,10890
306,J-AIR,2205,大阪(伊丹),10:45,仙台,11:55,396,,10780
307,JTA,933,東京(羽田),10:45,宮古,14:05,1158,,18700
308,JTA,607,沖縄(那覇),10:45,石垣,11:50,247,,7590
309,HAC,2823,札幌(丘珠),10:45,秋田,11:55,238,,8800
310,JAL,4094,五島福江,10:50,福岡,11:35,113,,14080
311,J-AIR,155,東京(羽田),10:50,三沢,12:10,355,,13750
312,RAC,874,久米島,10:55,沖縄(那覇),11:30,59,,5500
313,JAL,690,宮崎,10:55,東京(羽田),12:25,561,,15070
314,JTA,2055,福岡,10:55,沖縄(那覇),12:45,537,,15730
315,FDA,4402,熊本,10:55,名古屋(小牧),12:15,375,,18370
316,JAC,3841,奄美大島,10:55,徳之島,11:30,65,,10450
317,FDA,4490,山形,10:55,札幌(新千歳),12:05,321,,18700
318,JAL,3403,広島,10:55,札幌(新千歳),12:50,749,,12650
319,JAL,4053,長崎,11:00,対馬,11:35,98,,12210
320,JAL,644,鹿児島,11:00,東京(羽田),12:35,601,,14410
321,JAL,315,東京(羽田),11:00,福岡,13:00,567,,14410
322,JAC,3550,出雲,11:00,福岡,12:15,188,,13530
323,JAL,3510,札幌(新千歳),11:00,福岡,13:40,882,,12650
324,J-AIR,2407,大阪(伊丹),11:00,鹿児島,12:15,329,,10670
325,FDA,4500,青森,11:00,大阪(神戸),12:50,523,,12100
326,JAL,310,福岡,11:00,東京(羽田),12:40,567,,14410
327,JAC,3763,鹿児島,11:00,種子島,11:40,88,,9240
328,JAL,4084,対馬,11:00,福岡,11:35,81,,11220
329,JAL,575,東京(羽田),11:00,帯広,12:35,526,,14190
330,FDA,4443,名古屋(小牧),11:05,山形,12:10,315,,20680
331,J-AIR,2830,花巻,11:05,札幌(新千歳),12:05,226,,12760
332,JAL,3942,沖縄(那覇),11:05,大阪(伊丹),12:55,739,,13200
333,J-AIR,2406,鹿児島,11:05,大阪(伊丹),12:10,329,,10670
334,FDA,4425,名古屋(小牧),11:05,青森,12:25,465,,21010
335,JTA,556,宮古,11:05,沖縄(那覇),11:55,177,,7150
336,J-AIR,2902,札幌(新千歳),11:10,仙台,12:20,335,,11000
337,J-AIR,2123,大阪(伊丹),11:10,函館,12:40,578,,12650
338,JAL,553,東京(羽田),11:10,旭川,12:50,576,,14190
339,J-AIR,2433,大阪(伊丹),11:10,宮崎,12:20,292,,10340
340,FDA,4336,出雲,11:10,静岡,12:20,304,,17050
341,JAL,904,沖縄(那覇),11:15,東京(羽田),13:30,984,,13860
342,J-AIR,3595,福岡,11:15,松山,12:05,131,,12980
343,JAL,186,小松,11:15,東京(羽田),12:20,211,,9790
344,HAC,2732,根室中標津,11:15,札幌(丘珠),12:10,178,,7920
345,RAC,841,沖縄(那覇),11:15,北大東,12:15,229,,13420
346,JAC,3745,鹿児島,11:15,屋久島,11:55,102,,9020
347,JAC,3861,奄美大島,11:15,与論,12:00,125,,14080
348,HAC,3443,札幌(丘珠),11:15,函館,11:55,90,,7700
349,JAL,659,東京(羽田),11:15,奄美大島,13:35,787,,19470
350,J-AIR,2204,仙台,11:15,大阪(伊丹),12:35,396,,10780
351,JAC,3825,鹿児島,11:15,与論,12:50,358,,18260
352,J-AIR,2373,大阪(伊丹),11:20,長崎,12:40,330,,10230
353,JAL,478,高松,11:20,東京(羽田),12:35,354,,13310
354,JTA,4,沖縄(那覇),11:20,大阪(関西),13:10,739,,13200
355,RAC,724,与那国,11:20,沖縄(那覇),12:35,316,,23430
356,J-AIR,2183,大阪(伊丹),11:20,花巻,12:40,474,,16500
357,FDA,4528,仙台,11:20,福岡,13:35,665,,16830
358,FDA,4385,名古屋(小牧),11:20,福岡,12:55,374,,17050
359,HAC,2891,函館,11:20,奥尻,11:50,74,,6270
360,JTA,36,沖縄(那覇),11:25,小松,13:35,873,,20020
361,JAC,2451,大阪(伊丹),11:25,屋久島,13:15,402,,25410
362,JAL,479,東京(羽田),11:25,高松,12:45,354,,13310
363,HAC,2895,札幌(丘珠),11:25,奥尻,12:15,123,,9900
364,J-AIR,2804,青森,11:30,札幌(新千歳),12:15,153,,8250
365,JAL,987,東京(羽田),11:30,沖縄(那覇),14:20,984,,13860
366,J-AIR,3564,徳島,11:30,福岡,12:45,242,,13530
367,JAL,629,東京(羽田),11:30,熊本,13:25,568,,15070
368,JAL,513,東京(羽田),11:30,札幌(新千歳),13:05,510,,13750
369,JAL,114,大阪(伊丹),11:30,東京(羽田),12:40,280,,10120
370,JTA,608,石垣,11:35,沖縄(那覇),12:35,247,,7590
371,J-AIR,691,東京(羽田),11:35,宮崎,13:25,561,,15070
372,RAC,831,宮古,11:35,石垣,12:05,72,,12430
373,JAL,115,東京(羽田),11:35,大阪(伊丹),12:45,280,,10120
374,JAL,906,沖縄(那覇),11:40,東京(羽田),14:00,984,,13860
375,HAC,2817,札幌(丘珠),11:40,三沢,12:40,156,,8250
376,JAL,508,札幌(新千歳),11:40,東京(羽田),13:25,510,,13750
377,JAC,3744,屋久島,11:40,鹿児島,12:20,102,,9020
378,JAL,494,高知,11:40,東京(羽田),12:55,393,,13090
379,HAC,2863,札幌(丘珠),11:40,釧路,12:25,136,,7700
380,J-AIR,2162,三沢,11:40,大阪(伊丹),13:25,536,,16280
381,JAL,2005,大阪(伊丹),11:45,札幌(新千歳),13:30,666,,11990
382,JAL,259,東京(羽田),11:45,広島,13:10,414,,12540
383,RAC,824,与論,11:45,沖縄(那覇),12:20,74,,12430
384,JAL,215,東京(羽田),11:45,南紀白浜,13:00,303,,16720
385,J-AIR,2471,大阪(伊丹),11:45,徳之島,13:45,603,,38060
386,J-AIR,3625,福岡,11:50,宮崎,12:40,131,,6490
387,JTA,42,沖縄(那覇),11:50,名古屋(中部),13:55,809,,15290
388,FDA,4484,新潟,11:50,札幌(新千歳),13:05,369,,9790
389,J-AIR,3726,奄美大島,11:50,鹿児島,12:40,242,,14410
390,J-AIR,3729,鹿児島,11:50,奄美大島,12:45,242,,14410
391,JAL,668,大分,11:55,東京(羽田),13:20,499,,15070
392,JAL,434,松山,11:55,東京(羽田),13:15,438,,13750
393,JAL,144,青森,11:55,東京(羽田),13:20,358,,14300
394,JAL,915,東京(羽田),11:55,沖縄(那覇),14:45,984,,13860
395,J-AIR,2173,大阪(伊丹),11:55,秋田,13:10,439,,11000
396,JAL,2084,沖縄(那覇),11:55,大阪(伊丹),13:45,739,,13200
397,J-AIR,2153,大阪(伊丹),11:55,青森,13:20,523,,12100
398,FDA,4363,大阪(神戸),11:55,松本,12:55,183,,17050
399,JAL,3513,福岡,11:55,札幌(新千歳),14:10,882,,12650
400,JAL,647,東京(羽田),11:55,鹿児島,13:50,601,,14410
401,JAC,3711,徳之島,12:00,沖永良部,12:25,30,,8250
402,J-AIR,2364,大分,12:00,大阪(伊丹),12:55,219,,9790
403,JAL,3912,札幌(新千歳),12:00,大阪(伊丹),14:00,666,,11990
404,JTA,559,沖縄(那覇),12:00,宮古,13:00,177,,7150
405,J-AIR,2244,新潟,12:00,大阪(伊丹),13:10,314,,9680
406,JAL,312,福岡,12:00,東京(羽田),13:40,567,,14410
407,JAL,280,出雲,12:00,東京(羽田),13:15,405,,15620
408,JAL,4054,対馬,12:05,長崎,12:45,98,,12210
409,J-AIR,2386,熊本,12:05,大阪(伊丹),13:10,290,,10890
410,FDA,4305,静岡,12:05,鹿児島,13:55,479,,20570
411,JAL,435,東京(羽田),12:05,松山,13:40,438,,13750
412,J-AIR,2346,出雲,12:05,大阪(伊丹),12:55,148,,10230
413,JAL,317,東京(羽田),12:05,福岡,14:00,567,,14410
414,JAL,2504,札幌(新千歳),12:05,大阪(関西),14:30,666,,11990
415,JAL,4095,福岡,12:10,五島福江,13:00,113,,14080
416,FDA,4413,名古屋(小牧),12:10,花巻,13:20,409,,21010
417,HAC,2824,秋田,12:10,札幌(丘珠),13:15,238,,8800
418,JAL,665,東京(羽田),12:10,大分,13:55,499,,15070
419,JTA,558,宮古,12:15,沖縄(那覇),13:05,177,,7150
420,JAL,567,東京(羽田),12:15,女満別,14:00,609,,14410
421,JAC,3764,種子島,12:15,鹿児島,12:50,88,,9240
422,JAL,456,徳島,12:15,東京(羽田),13:30,329,,12760
423,JAL,2004,札幌(新千歳),12:15,大阪(伊丹),14:15,666,,11990
424,RAC,877,沖縄(那覇),12:15,久米島,12:50,59,,5500
425,FDA,4522,出雲,12:20,名古屋(中部),13:20,226,,17380
426,HAC,2890,奥尻,12:20,函館,12:50,74,,6270
427,FDA,4352,松本,12:20,札幌(新千歳),13:55,507,,26730
428,FDA,4405,名古屋(小牧),12:20,熊本,13:50,375,,18370
429,JAL,256,広島,12:20,東京(羽田),13:40,414,,12540
430,JAL,908,沖縄(那覇),12:20,東京(羽田),14:35,984,,13860
431,J-AIR,293,東京(羽田),12:20,山口宇部,14:05,510,,13200
432,JAL,610,長崎,12:20,東京(羽田),13:55,610,,16940
433,J-AIR,2434,宮崎,12:20,大阪(伊丹),13:25,292,,10340
434,JAC,3676,屋久島,12:25,福岡,13:40,225,,13420
435,HAC,3442,函館,12:25,札幌(丘珠),13:05,90,,7700
436,JTA,610,石垣,12:25,沖縄(那覇),13:30,247,,7590
437,J-AIR,2905,仙台,12:25,札幌(新千歳),13:35,335,,11000
438,JAL,117,東京(羽田),12:30,大阪(伊丹),13:40,280,,10120
439,JAL,116,大阪(伊丹),12:30,東京(羽田),13:40,280,,10120
440,JAL,609,東京(羽田),12:30,長崎,14:25,610,,16940
441,JAC,3866,与論,12:30,沖縄(那覇),13:10,74,,12430
442,JAL,2464,奄美大島,12:30,大阪(伊丹),13:55,541,,11110
443,JAC,3803,鹿児島,12:35,沖永良部,14:05,326,,17380
444,JAL,515,東京(羽田),12:35,札幌(新千歳),14:10,510,,13750
445,JTA,609,沖縄(那覇),12:35,石垣,13:40,247,,7590
446,J-AIR,164,秋田,12:35,東京(羽田),13:45,279,,11110
447,J-AIR,3596,松山,12:35,福岡,13:25,131,,12980
448,J-AIR,3629,福岡,12:35,宮崎,13:20,131,,6490
449,RAC,743,石垣,12:35,与那国,13:05,80,,9350
450,FDA,4491,札幌(新千歳),12:40,山形,14:00,321,,18700
451,JAL,459,東京(羽田),12:40,徳島,13:55,329,,12760
452,FDA,4476,新潟,12:40,福岡,14:45,572,,24420
453,JAL,3881,大阪(伊丹),12:40,熊本,14:20,290,,10890
454,FDA,4444,山形,12:45,名古屋(小牧),14:00,315,,20680
455,J-AIR,2715,札幌(新千歳),12:45,女満別,13:25,148,,7370
456,RAC,842,北大東,12:45,沖縄(那覇),13:50,229,,13420
457,J-AIR,154,三沢,12:45,東京(羽田),14:10,355,,13750
458,JAL,543,東京(羽田),12:45,釧路,14:30,555,,13640
459,JAL,236,岡山,12:45,東京(羽田),13:55,356,,11880
460,HAC,2894,奥尻,12:45,札幌(丘珠),13:35,123,,9900
461,JAL,628,熊本,12:45,東京(羽田),14:20,568,,15070
462,HAC,2749,札幌(丘珠),12:45,函館,13:25,90,,7700
463,J-AIR,2375,大阪(伊丹),12:45,長崎,14:05,330,,10230
464,JAL,646,鹿児島,12:45,東京(羽田),14:20,601,,14410
465,JAL,225,東京(羽田),12:45,大阪(関西),14:10,280,,10120
466,J-AIR,2206,仙台,12:50,大阪(伊丹),14:10,396,,10780
467,JAL,587,東京(羽田),12:50,函館,14:10,424,,13200
468,J-AIR,2408,鹿児島,12:50,大阪(伊丹),14:00,329,,10670
469,FDA,4435,名古屋(小牧),12:50,新潟,13:45,249,,18920
470,HAC,2862,釧路,12:55,札幌(丘珠),13:45,136,,7700
471,JAL,510,札幌(新千歳),12:55,東京(羽田),14:40,510,,13750
472,JAC,3716,沖永良部,12:55,沖縄(那覇),13:45,107,,13860
473,J-AIR,692,宮崎,12:55,東京(羽田),14:30,561,,15070
474,JAC,3673,福岡,12:55,屋久島,14:10,225,,13420
475,JAL,319,東京(羽田),13:00,福岡,15:00,567,,14410
476,RAC,825,沖縄(那覇),13:00,与論,13:40,74,,12430
477,JTA,57,福岡,13:00,沖縄(那覇),14:55,537,,15730
478,FDA,4424,青森,13:00,名古屋(小牧),14:30,465,,21010
479,JAL,314,福岡,13:00,東京(羽田),14:40,567,,14410
480,FDA,4323,静岡,13:00,札幌(新千歳),14:50,592,,23320
481,JAC,3795,鹿児島,13:00,徳之島,14:30,296,,15070
482,JAL,145,東京(羽田),13:00,青森,14:15,358,,14300
483,JAL,187,東京(羽田),13:05,小松,14:10,211,,9790
484,JAL,572,帯広,13:05,東京(羽田),14:55,526,,14190
485,J-AIR,2374,長崎,13:10,大阪(伊丹),14:15,330,,10230
486,J-AIR,2457,大阪(伊丹),13:10,種子島,14:30,379,,22330
487,HAC,2816,三沢,13:10,札幌(丘珠),14:05,156,,8250
488,J-AIR,2182,花巻,13:10,大阪(伊丹),14:40,474,,16500
489,JAL,3107,名古屋(中部),13:10,札幌(新千歳),14:50,614,,12100
490,J-AIR,3626,宮崎,13:10,福岡,14:00,131,,6490
491,JAC,3821,鹿児島,13:10,与論,14:40,358,,18260
492,J-AIR,2124,函館,13:10,大阪(伊丹),14:55,578,,12650
493,J-AIR,2805,札幌(新千歳),13:15,青森,14:05,153,,8250
494,JAL,481,東京(羽田),13:15,高松,14:40,354,,13310
495,JTA,54,沖縄(那覇),13:15,福岡,15:00,537,,15730
496,RAC,815,沖縄(那覇),13:15,与論,13:55,74,,12430
497,J-AIR,3728,奄美大島,13:15,鹿児島,14:05,242,,14410
498,J-AIR,3731,鹿児島,13:15,奄美大島,14:10,242,,14410
499,JTA,612,石垣,13:15,沖縄(那覇),14:15,247,,7590
500,JAL,631,東京(羽田),13:15,熊本,15:00,568,,15070
501,J-AIR,3601,福岡,13:15,松山,14:05,131,,12980
502,JAC,3826,与論,13:20,鹿児島,14:45,358,,18260
503,JAL,4075,長崎,13:20,五島福江,13:50,67,,10230
504,HAC,2746,函館,13:20,札幌(丘珠),14:00,90,,7700
505,RAC,878,久米島,13:20,沖縄(那覇),14:00,59,,5500
506,JAL,517,東京(羽田),13:20,札幌(新千歳),14:50,510,,13750
507,J-AIR,2207,大阪(伊丹),13:20,仙台,14:30,396,,10780
508,JAL,480,高松,13:25,東京(羽田),14:40,354,,13310
509,JAL,4074,五島福江,13:30,長崎,14:00,67,,10230
510,JAL,375,東京(羽田),13:30,北九州,15:15,534,,13310
511,JAC,3785,鹿児島,13:30,喜界島,14:40,246,,13530
512,J-AIR,2437,大阪(伊丹),13:30,宮崎,14:35,292,,10340
513,JAL,3917,大阪(伊丹),13:30,札幌(新千歳),15:15,666,,11990
514,FDA,4344,松本,13:30,福岡,15:20,461,,25630
515,JAL,119,東京(羽田),13:30,大阪(伊丹),14:40,280,,10120
516,FDA,4525,福岡,13:30,花巻,15:25,724,,24090
517,JAL,554,旭川,13:35,東京(羽田),15:25,576,,14190
518,RAC,744,与那国,13:35,石垣,14:05,80,,9350
519,JTA,560,宮古,13:40,沖縄(那覇),14:30,177,,7150
520,FDA,4485,札幌(新千歳),13:40,新潟,15:05,369,,9790
521,J-AIR,2174,秋田,13:40,大阪(伊丹),15:05,439,,11000
522,JAL,495,東京(羽田),13:40,高知,15:10,393,,13090
523,J-AIR,2057,大阪(伊丹),13:40,福岡,14:55,287,,8690
524,JAL,118,大阪(伊丹),13:40,東京(羽田),14:50,280,,10120
525,JAC,3746,屋久島,13:45,鹿児島,14:20,102,,9020
526,J-AIR,2247,大阪(伊丹),13:45,新潟,14:45,314,,9680
527,JTA,211,沖縄(那覇),13:45,久米島,14:20,59,,5500
528,JAL,321,東京(羽田),13:45,福岡,15:40,567,,14410
529,JAL,258,広島,13:45,東京(羽田),15:05,414,,12540
530,J-AIR,2185,大阪(伊丹),13:45,花巻,15:00,474,,16500
531,JAL,214,南紀白浜,13:45,東京(羽田),14:55,303,,16720
532,JAL,910,沖縄(那覇),13:45,東京(羽田),15:55,984,,13860
533,JAC,3867,沖縄(那覇),13:50,奄美大島,14:50,199,,17820
534,J-AIR,3630,宮崎,13:50,福岡,14:45,131,,6490
535,JAL,3512,札幌(新千歳),13:50,福岡,16:25,882,,12650
536,FDA,4360,大阪(神戸),13:50,松本,14:50,183,,17050
537,FDA,4515,名古屋(中部),13:55,高知,15:00,201,,15620
538,J-AIR,2154,青森,13:55,大阪(伊丹),15:35,523,,12100
539,J-AIR,2714,女満別,13:55,札幌(新千歳),14:45,148,,7370
540,FDA,4524,花巻,13:55,福岡,16:20,724,,24090
541,J-AIR,3633,福岡,13:55,宮崎,14:45,131,,6490
542,JTA,5,大阪(関西),14:00,沖縄(那覇),16:20,739,,13200
543,JAL,555,東京(羽田),14:00,旭川,15:35,576,,14190
544,HAC,2748,函館,14:00,札幌(丘珠),14:40,90,,7700
545,J-AIR,694,宮崎,14:00,東京(羽田),15:35,561,,15070
546,J-AIR,2481,大阪(伊丹),14:00,鹿児島,15:15,329,,10670
547,JAL,316,福岡,14:05,東京(羽田),15:40,567,,14410
548,JAL,649,東京(羽田),14:05,鹿児島,15:55,601,,14410
549,JAL,577,東京(羽田),14:05,帯広,15:35,526,,14190
550,JAL,611,東京(羽田),14:05,長崎,16:05,610,,16940
551,JAL,512,札幌(新千歳),14:05,東京(羽田),15:50,510,,13750
552,J-AIR,2235,大阪(伊丹),14:05,山形,15:15,385,,11220
553,FDA,4531,福岡,14:10,仙台,16:00,665,,16830
554,RAC,826,与論,14:10,沖縄(那覇),14:45,74,,12430
555,JAL,912,沖縄(那覇),14:10,東京(羽田),16:30,984,,13860
556,JAL,3114,札幌(新千歳),14:15,名古屋(中部),16:05,614,,12100
557,JAL,917,東京(羽田),14:15,沖縄(那覇),17:05,984,,13860
558,J-AIR,2470,徳之島,14:15,大阪(伊丹),15:45,603,,38060
559,JAL,630,熊本,14:15,東京(羽田),15:45,568,,15070
560,HAC,2865,札幌(丘珠),14:15,釧路,15:00,136,,7700
561,JAL,263,東京(羽田),14:15,広島,15:40,414,,12540
562,JTA,37,小松,14:15,沖縄(那覇),16:50,873,,20020
563,JTA,614,石垣,14:20,沖縄(那覇),15:20,247,,7590
564,RAC,863,沖縄(那覇),14:20,南大東,15:20,225,,13420
565,FDA,4434,新潟,14:20,名古屋(小牧),15:20,249,,18920
566,JAL,4098,五島福江,14:20,福岡,15:05,113,,14080
567,JTA,563,沖縄(那覇),14:20,宮古,15:20,177,,7150
568,JAC,3653,福岡,14:20,鹿児島,15:15,125,,9240
569,JAL,436,松山,14:25,東京(羽田),15:50,438,,13750
570,FDA,4406,熊本,14:25,名古屋(小牧),15:45,375,,18370
571,FDA,4306,鹿児島,14:25,静岡,15:50,479,,20570
572,JAL,3515,福岡,14:25,札幌(新千歳),16:40,882,,12650
573,RAC,816,与論,14:25,沖縄(那覇),15:00,74,,12430
574,JAL,519,東京(羽田),14:25,札幌(新千歳),15:55,510,,13750
575,JAL,120,大阪(伊丹),14:30,東京(羽田),15:35,280,,10120
576,JAC,3715,沖縄(那覇),14:30,沖永良部,15:15,107,,13860
577,J-AIR,2904,札幌(新千歳),14:30,仙台,15:35,335,,11000
578,J-AIR,693,東京(羽田),14:30,宮崎,16:20,561,,15070
579,JAL,658,奄美大島,14:30,東京(羽田),16:25,787,,19470
580,JAL,3084,名古屋(中部),14:30,東京(成田),15:45,193,,8360
581,JTA,2044,沖縄(那覇),14:30,名古屋(中部),16:25,809,,15290
582,JAL,121,東京(羽田),14:30,大阪(伊丹),15:40,280,,10120
583,FDA,4324,札幌(新千歳),14:35,静岡,16:40,592,,23320
584,JAL,667,東京(羽田),14:35,大分,16:15,499,,15070
585,J-AIR,2056,福岡,14:35,大阪(伊丹),15:45,287,,8690
586,JTA,973,東京(羽田),14:35,石垣,18:05,1224,,17050
587,JAC,3804,沖永良部,14:35,鹿児島,15:50,326,,17380
588,J-AIR,3602,松山,14:35,福岡,15:25,131,,12980
589,J-AIR,2355,大阪(伊丹),14:35,出雲,15:25,148,,10230
590,JAL,4077,長崎,14:35,五島福江,15:05,67,,10230
591,JAL,237,東京(羽田),14:40,岡山,16:00,356,,11880
592,JAL,283,東京(羽田),14:40,出雲,16:05,405,,15620
593,JAL,648,鹿児島,14:40,東京(羽田),16:15,601,,14410
594,JAL,670,大分,14:40,東京(羽田),16:10,499,,15070
595,JAL,564,女満別,14:40,東京(羽田),16:40,609,,14410
596,J-AIR,3730,奄美大島,14:40,鹿児島,15:30,242,,14410
597,JAC,2450,屋久島,14:40,大阪(伊丹),16:15,402,,25410
598,J-AIR,2376,長崎,14:40,大阪(伊丹),15:45,330,,10230
599,JAL,3006,大阪(伊丹),14:40,東京(成田),16:00,280,,10120
600,J-AIR,2806,青森,14:40,札幌(新千歳),15:30,153,,8250
601,JAL,460,徳島,14:45,東京(羽田),16:00,329,,12760
602,RAC,834,石垣,14:45,宮古,15:15,72,,12430
603,J-AIR,2410,鹿児島,14:45,大阪(伊丹),15:50,329,,10670
604,JAL,125,東京(羽田),14:45,大阪(伊丹),15:55,280,,10120
605,HAC,2753,札幌(丘珠),14:45,函館,15:25,90,,7700
606,FDA,4446,山形,14:45,名古屋(小牧),16:00,315,,20680
607,JTA,47,名古屋(中部),14:45,沖縄(那覇),17:15,809,,15290
608,J-AIR,2331,大阪(伊丹),14:45,隠岐,15:35,165,,12870
609,JAL,2087,大阪(伊丹),14:45,沖縄(那覇),16:55,739,,13200
610,JAL,188,小松,14:50,東京(羽田),15:55,211,,9790
611,J-AIR,157,東京(羽田),14:50,三沢,16:05,355,,13750
612,RAC,727,沖縄(那覇),14:50,与那国,16:05,316,,23430
613,JAL,3873,熊本,14:50,天草,15:15,42,,8470
614,JTA,617,沖縄(那覇),14:55,石垣,15:55,247,,7590
615,JTA,934,宮古,14:55,東京(羽田),17:35,1158,,18700
616,J-AIR,294,山口宇部,14:55,東京(羽田),16:25,510,,13200
617,JAL,318,福岡,14:55,東京(羽田),16:35,567,,14410
618,JAL,483,東京(羽田),15:00,高松,16:20,354,,13310
619,JAC,3809,鹿児島,15:00,沖永良部,16:30,326,,17380
620,JAL,3406,札幌(新千歳),15:00,広島,17:10,749,,12650
621,HAC,2885,札幌(丘珠),15:00,利尻,15:55,159,,9020
622,JTA,212,久米島,15:00,沖縄(那覇),15:40,59,,5500
623,JAL,586,函館,15:00,東京(羽田),16:30,424,,13200
624,JAC,3794,徳之島,15:00,鹿児島,16:15,296,,15070
625,JAL,224,大阪(関西),15:00,東京(羽田),16:15,280,,10120
626,JAL,919,東京(羽田),15:00,沖縄(那覇),17:45,984,,13860
627,J-AIR,2409,大阪(伊丹),15:00,鹿児島,16:10,329,,10670
628,JAL,2009,大阪(伊丹),15:00,札幌(新千歳),16:45,666,,11990
629,JAL,146,青森,15:00,東京(羽田),16:25,358,,14300
630,JAL,633,東京(羽田),15:05,熊本,16:50,568,,15070
631,J-AIR,165,東京(羽田),15:05,秋田,16:10,279,,11110
632,FDA,4465,名古屋(小牧),15:05,出雲,16:05,226,,17380
633,J-AIR,2210,仙台,15:05,大阪(伊丹),16:25,396,,10780
634,JAL,988,沖縄(那覇),15:05,東京(羽田),17:30,984,,13860
635,J-AIR,2456,種子島,15:05,大阪(伊丹),16:10,379,,22330
636,JAL,612,長崎,15:10,東京(羽田),16:55,610,,16940
637,JAL,514,札幌(新千歳),15:10,東京(羽田),16:55,510,,13750
638,JTA,58,沖縄(那覇),15:10,福岡,16:50,537,,15730
639,HAC,2739,札幌(丘珠),15:10,根室中標津,16:00,178,,7920
640,JAC,3822,与論,15:10,鹿児島,16:30,358,,18260
641,JAC,3786,喜界島,15:10,鹿児島,16:15,246,,13530
642,JAL,323,東京(羽田),15:10,福岡,17:05,567,,14410
643,JAL,2469,大阪(伊丹),15:10,奄美大島,17:00,541,,11110
644,FDA,4407,名古屋(小牧),15:15,熊本,16:45,375,,18370
645,J-AIR,2438,宮崎,15:15,大阪(伊丹),16:20,292,,10340
646,J-AIR,2246,新潟,15:15,大阪(伊丹),16:25,314,,9680
647,JAL,542,釧路,15:15,東京(羽田),17:10,555,,13640
648,J-AIR,3634,宮崎,15:15,福岡,16:05,131,,6490
649,JAL,437,東京(羽田),15:20,松山,16:50,438,,13750
650,JAL,482,高松,15:20,東京(羽田),16:40,354,,13310
651,J-AIR,3635,福岡,15:20,宮崎,16:05,131,,6490
652,FDA,4390,福岡,15:25,名古屋(小牧),16:45,374,,17050
653,JAC,3769,鹿児島,15:25,種子島,16:05,88,,9240
654,FDA,4353,札幌(新千歳),15:25,松本,17:10,507,,26730
655,JAL,2505,大阪(関西),15:25,札幌(新千歳),17:15,666,,11990
656,FDA,4361,松本,15:25,大阪(神戸),16:30,183,,17050
657,J-AIR,2163,大阪(伊丹),15:30,三沢,17:00,536,,16280
658,JAL,521,東京(羽田),15:30,札幌(新千歳),17:00,510,,13750
659,RAC,827,沖縄(那覇),15:30,与論,16:10,74,,12430
660,J-AIR,3587,福岡,15:30,高知,16:20,187,,16060
661,FDA,4516,高知,15:30,名古屋(中部),16:25,201,,15620
662,JAL,124,大阪(伊丹),15:30,東京(羽田),16:45,280,,10120
663,J-AIR,2186,花巻,15:30,大阪(伊丹),17:00,474,,16500
664,HAC,2864,釧路,15:30,札幌(丘珠),16:20,136,,7700
665,JAL,4076,五島福江,15:35,長崎,16:05,67,,10230
666,JTA,565,沖縄(那覇),15:35,宮古,16:30,177,,7150
667,J-AIR,2209,大阪(伊丹),15:40,仙台,16:50,396,,10780
668,JAL,4099,福岡,15:40,五島福江,16:30,113,,14080
669,JAL,651,東京(羽田),15:40,鹿児島,17:30,601,,14410
670,JAL,461,東京(羽田),15:40,徳島,16:55,329,,12760
671,RAC,879,沖縄(那覇),15:40,久米島,16:15,59,,5500
672,JAL,632,熊本,15:45,東京(羽田),17:25,568,,15070
673,J-AIR,2236,山形,15:45,大阪(伊丹),17:05,385,,11220
674,JAC,3837,奄美大島,15:45,喜界島,16:05,16,,7480
675,JAL,3894,天草,15:45,福岡,16:25,78,,14740
676,JTA,61,福岡,15:45,沖縄(那覇),17:30,537,,15730
677,FDA,4486,新潟,15:45,札幌(新千歳),17:00,369,,9790
678,JAL,914,沖縄(那覇),15:45,東京(羽田),18:05,984,,13860
679,JAL,516,札幌(新千歳),15:45,東京(羽田),17:30,510,,13750
680,RAC,897,宮古,15:45,多良間,16:10,39,,6710
681,RAC,864,南大東,15:50,沖縄(那覇),16:55,225,,13420
682,JAL,376,北九州,15:50,東京(羽田),17:25,534,,13310
683,JAL,3918,札幌(新千歳),15:50,大阪(伊丹),17:50,666,,11990
684,JAC,3710,沖永良部,15:50,徳之島,16:10,30,,8250
685,J-AIR,2482,鹿児島,15:50,大阪(伊丹),16:55,329,,10670
686,J-AIR,3567,福岡,15:55,徳島,16:55,242,,13530
687,JAC,3654,鹿児島,15:55,福岡,16:55,125,,9240
688,FDA,4477,福岡,15:55,新潟,17:35,572,,24420
689,JAL,2010,札幌(新千歳),15:55,大阪(伊丹),17:55,666,,11990
690,HAC,2752,函館,15:55,札幌(丘珠),16:35,90,,7700
691,JAL,325,東京(羽田),15:55,福岡,17:55,567,,14410
692,JAL,320,福岡,15:55,東京(羽田),17:35,567,,14410
693,FDA,4416,花巻,16:00,名古屋(小牧),17:25,409,,21010
694,JTA,562,宮古,16:00,沖縄(那覇),16:50,177,,7150
695,J-AIR,2356,出雲,16:00,大阪(伊丹),16:45,148,,10230
696,FDA,4427,名古屋(小牧),16:00,青森,17:20,465,,21010
697,JTA,44,沖縄(那覇),16:00,名古屋(中部),18:00,809,,15290
698,JAL,496,高知,16:00,東京(羽田),17:20,393,,13090
699,JAL,921,東京(羽田),16:00,沖縄(那覇),18:50,984,,13860
700,JAL,147,東京(羽田),16:00,青森,17:15,358,,14300
701,J-AIR,2719,札幌(新千歳),16:05,女満別,16:50,148,,7370
702,J-AIR,2332,隠岐,16:05,大阪(伊丹),16:45,165,,12870
703,J-AIR,2439,大阪(伊丹),16:05,宮崎,17:10,292,,10340
704,J-AIR,2212,仙台,16:10,大阪(伊丹),17:30,396,,10780
705,J-AIR,2157,大阪(伊丹),16:15,青森,17:40,523,,12100
706,J-AIR,3797,鹿児島,16:15,徳之島,17:20,296,,15070
707,JAL,574,帯広,16:15,東京(羽田),18:05,526,,14190
708,J-AIR,2411,大阪(伊丹),16:20,鹿児島,17:35,329,,10670
709,JAL,262,広島,16:20,東京(羽田),17:40,414,,12540
710,JAL,556,旭川,16:20,東京(羽田),18:15,576,,14190
711,JAL,219,東京(羽田),16:20,南紀白浜,17:30,303,,16720
712,FDA,4314,静岡,16:25,福岡,18:20,451,,20570
713,HAC,2884,利尻,16:25,札幌(丘珠),17:15,159,,9020
714,JTA,567,沖縄(那覇),16:25,宮古,17:20,177,,7150
715,JAL,439,東京(羽田),16:25,松山,18:00,438,,13750
716,J-AIR,2179,大阪(伊丹),16:25,秋田,17:40,439,,11000
717,JAL,127,東京(羽田),16:25,大阪(伊丹),17:35,280,,10120
718,J-AIR,2839,札幌(新千歳),16:25,花巻,17:25,226,,12760
719,J-AIR,2237,大阪(伊丹),16:30,山形,17:40,385,,11220
720,JAL,285,東京(羽田),16:30,出雲,18:00,405,,15620
721,FDA,4530,仙台,16:30,福岡,18:45,665,,16830
722,HAC,2738,根室中標津,16:30,札幌(丘珠),17:25,178,,7920
723,JAL,126,大阪(伊丹),16:30,東京(羽田),17:45,280,,10120
724,J-AIR,3636,宮崎,16:35,福岡,17:25,131,,6490
725,JAC,3768,種子島,16:35,鹿児島,17:10,88,,9240
726,FDA,4467,名古屋(小牧),16:35,出雲,17:35,226,,17380
727,JTA,571,沖縄(那覇),16:35,宮古,17:30,177,,7150
728,JTA,622,石垣,16:35,沖縄(那覇),17:35,247,,7590
729,JAC,3836,喜界島,16:35,奄美大島,16:55,16,,7480
730,J-AIR,295,東京(羽田),16:35,山口宇部,18:20,510,,13200
731,JAL,189,東京(羽田),16:35,小松,17:45,211,,9790
732,JAL,4097,福岡,16:40,五島福江,17:25,113,,14080
733,RAC,828,与論,16:40,沖縄(那覇),17:15,74,,12430
734,FDA,4466,出雲,16:40,名古屋(小牧),17:35,226,,17380
735,JAL,497,東京(羽田),16:40,高知,18:05,393,,13090
736,J-AIR,156,三沢,16:40,東京(羽田),18:10,355,,13750
737,J-AIR,3735,鹿児島,16:40,奄美大島,17:40,242,,14410
738,RAC,880,久米島,16:45,沖縄(那覇),17:20,59,,5500
739,JAC,3844,徳之島,16:45,奄美大島,17:15,65,,10450
740,JAL,614,長崎,16:45,東京(羽田),18:25,610,,16940
741,J-AIR,166,秋田,16:45,東京(羽田),18:00,279,,11110
742,JAL,4043,長崎,16:45,壱岐,17:15,60,,9350
743,JAL,128,大阪(伊丹),16:45,東京(羽田),18:00,280,,10120
744,HAC,2869,札幌(丘珠),16:45,釧路,17:30,136,,7700
745,RAC,898,多良間,16:45,宮古,17:10,39,,6710
746,FDA,4417,名古屋(小牧),16:45,花巻,17:55,409,,21010
747,JAC,3777,鹿児島,16:50,種子島,17:30,88,,9240
748,JAC,3755,鹿児島,16:50,屋久島,17:30,102,,9020
749,RAC,746,与那国,16:50,石垣,17:20,80,,9350
750,JAL,523,東京(羽田),16:50,札幌(新千歳),18:25,510,,13750
751,JAL,322,福岡,16:50,東京(羽田),18:30,567,,14410
752,J-AIR,696,宮崎,16:55,東京(羽田),18:30,561,,15070
753,JAL,3895,福岡,16:55,天草,17:30,78,,14740
754,JAC,2325,大阪(伊丹),16:55,但馬,17:30,68,,8360
755,J-AIR,2187,大阪(伊丹),16:55,花巻,18:15,474,,16500
756,JAL,3117,名古屋(中部),16:55,札幌(新千歳),18:35,614,,12100
757,J-AIR,3588,高知,16:55,福岡,18:00,187,,16060
758,JAL,669,東京(羽田),16:55,大分,18:40,499,,15070
759,HAC,3449,札幌(丘珠),16:55,函館,17:35,90,,7700
760,JAL,327,東京(羽田),16:55,福岡,19:05,567,,14410
761,J-AIR,2213,大阪(伊丹),17:00,仙台,18:10,396,,10780
762,JAL,484,高松,17:00,東京(羽田),18:15,354,,13310
763,JAC,3808,沖永良部,17:00,鹿児島,18:15,326,,17380
764,J-AIR,2058,福岡,17:00,大阪(伊丹),18:10,287,,8690
765,FDA,4317,福岡,17:00,静岡,18:25,451,,20570
766,J-AIR,2251,大阪(伊丹),17:00,新潟,18:05,314,,9680
767,JAL,4078,五島福江,17:00,長崎,17:30,67,,10230
768,JAL,518,札幌(新千歳),17:00,東京(羽田),18:45,510,,13750
769,HAC,2825,札幌(丘珠),17:05,秋田,18:15,238,,8800
770,FDA,4501,大阪(神戸),17:05,青森,18:40,523,,12100
771,JAL,695,東京(羽田),17:05,宮崎,18:50,561,,15070
772,JAC,3737,鹿児島,17:10,奄美大島,18:25,242,,14410
773,JTA,564,宮古,17:10,沖縄(那覇),18:00,177,,7150
774,JAL,159,東京(羽田),17:10,三沢,18:35,355,,13750
775,JAL,284,出雲,17:15,東京(羽田),18:35,405,,15620
776,J-AIR,2377,大阪(伊丹),17:15,長崎,18:35,330,,10230
777,FDA,4549,名古屋(小牧),17:15,熊本,18:45,375,,18370
778,JTA,2049,名古屋(中部),17:15,沖縄(那覇),19:50,809,,15290
779,JAL,545,東京(羽田),17:15,釧路,18:55,555,,13640
780,JAL,672,大分,17:15,東京(羽田),18:45,499,,15070
781,JAL,923,東京(羽田),17:15,沖縄(那覇),20:10,984,,13860
782,JAL,557,東京(羽田),17:20,旭川,19:05,576,,14190
783,FDA,4429,名古屋(小牧),17:20,青森,18:40,465,,21010
784,J-AIR,2907,仙台,17:20,札幌(新千歳),18:30,335,,11000
785,J-AIR,2415,大阪(伊丹),17:20,鹿児島,18:35,329,,10670
786,JAL,589,東京(羽田),17:20,函館,18:45,424,,13200
787,JTA,2062,沖縄(那覇),17:20,福岡,19:00,537,,15730
788,JAL,324,福岡,17:20,東京(羽田),19:00,567,,14410
789,J-AIR,2718,女満別,17:20,札幌(新千歳),18:10,148,,7370
790,FDA,4302,熊本,17:25,静岡,18:45,448,,25850
791,RAC,881,沖縄(那覇),17:25,久米島,17:55,59,,5500
792,JAL,650,鹿児島,17:30,東京(羽田),19:10,601,,14410
793,J-AIR,3568,徳島,17:30,福岡,18:40,242,,13530
794,JTA,621,沖縄(那覇),17:30,石垣,18:30,247,,7590
795,JAL,520,札幌(新千歳),17:30,東京(羽田),19:15,510,,13750
796,JTA,63,福岡,17:30,沖縄(那覇),19:15,537,,15730
797,J-AIR,2443,大阪(伊丹),17:30,宮崎,18:40,292,,10340
798,FDA,4316,静岡,17:30,福岡,19:25,451,,20570
799,JAC,3734,奄美大島,17:30,鹿児島,18:35,242,,14410
800,HAC,2727,札幌(丘珠),17:30,女満別,18:15,148,,7370
801,JAL,239,東京(羽田),17:30,岡山,18:55,356,,11880
802,JAL,579,東京(羽田),17:30,帯広,19:10,526,,14190
803,JAL,240,岡山,17:30,東京(羽田),18:50,356,,11880
804,J-AIR,179,東京(羽田),17:30,山形,18:30,190,,10780
805,JAL,569,東京(羽田),17:35,女満別,19:20,609,,14410
806,J-AIR,2389,大阪(伊丹),17:35,熊本,18:45,290,,10890
807,JAL,131,東京(羽田),17:35,大阪(伊丹),18:45,280,,10120
808,JAL,634,熊本,17:35,東京(羽田),19:15,568,,15070
809,JAL,2016,札幌(新千歳),17:35,大阪(伊丹),19:35,666,,11990
810,JAL,438,松山,17:35,東京(羽田),19:00,438,,13750
811,JAC,3555,福岡,17:35,出雲,18:45,188,,13530
812,J-AIR,2166,三沢,17:35,大阪(伊丹),19:20,536,,16280
813,RAC,839,宮古,17:40,石垣,18:15,72,,12430
814,JAL,525,東京(羽田),17:40,札幌(新千歳),19:15,510,,13750
815,J-AIR,2440,宮崎,17:40,大阪(伊丹),18:40,292,,10340
816,J-AIR,2367,大阪(伊丹),17:40,大分,18:40,219,,9790
817,JTA,8,沖縄(那覇),17:40,大阪(関西),19:35,739,,13200
818,FDA,4472,札幌(新千歳),17:40,福岡,20:40,882,,12650
819,JAL,613,東京(羽田),17:45,長崎,19:50,610,,16940
820,JAL,637,東京(羽田),17:45,熊本,19:40,568,,15070
821,JAL,4044,壱岐,17:45,長崎,18:15,60,,9350
822,JAL,462,徳島,17:45,東京(羽田),19:00,329,,12760
823,J-AIR,3796,徳之島,17:50,鹿児島,18:40,296,,15070
824,FDA,4517,名古屋(中部),17:50,高知,18:55,201,,15620
825,JAL,264,広島,17:50,東京(羽田),19:15,414,,12540
826,JAC,3759,鹿児島,17:50,屋久島,18:30,102,,9020
827,RAC,747,石垣,17:50,与那国,18:20,80,,9350
828,JAL,329,東京(羽田),17:55,福岡,20:00,567,,14410
829,JAL,2468,奄美大島,17:55,大阪(伊丹),19:20,541,,11110
830,FDA,4426,青森,17:55,名古屋(小牧),19:25,465,,21010
831,FDA,4348,松本,17:55,福岡,19:55,461,,25630
832,JTA,573,沖縄(那覇),17:55,宮古,18:50,177,,7150
833,JAC,3843,奄美大島,17:55,徳之島,18:30,65,,10450
834,JAL,265,東京(羽田),17:55,広島,19:30,414,,12540
835,JAL,4096,五島福江,17:55,福岡,18:40,113,,14080
836,J-AIR,2838,花巻,17:55,札幌(新千歳),18:55,226,,12760
837,JAL,3898,天草,18:00,福岡,18:40,78,,14740
838,JAC,2326,但馬,18:00,大阪(伊丹),18:35,68,,8360
839,FDA,4409,名古屋(小牧),18:00,熊本,19:30,375,,18370
840,JAL,2506,札幌(新千歳),18:00,大阪(関西),20:20,666,,11990
841,HAC,2868,釧路,18:00,札幌(丘珠),18:50,136,,7700
842,JAL,522,札幌(新千歳),18:00,東京(羽田),19:45,510,,13750
843,J-AIR,3607,福岡,18:00,松山,18:45,131,,12980
844,JAL,916,沖縄(那覇),18:00,東京(羽田),20:15,984,,13860
845,JAC,3772,種子島,18:00,鹿児島,18:35,88,,9240
846,HAC,3448,函館,18:05,札幌(丘珠),18:45,90,,7700
847,JAC,3752,屋久島,18:05,鹿児島,18:40,102,,9020
848,JAL,485,東京(羽田),18:05,高松,19:30,354,,13310
849,HAC,2755,札幌(丘珠),18:05,函館,18:45,90,,7700
850,JTA,566,宮古,18:05,沖縄(那覇),18:55,177,,7150
851,JAL,148,青森,18:05,東京(羽田),19:30,358,,14300
852,JAL,133,東京(羽田),18:05,大阪(伊丹),19:15,280,,10120
853,RAC,883,沖縄(那覇),18:05,久米島,18:40,59,,5500
854,J-AIR,2357,大阪(伊丹),18:05,出雲,18:55,148,,10230
855,JAL,287,東京(羽田),18:10,出雲,19:40,405,,15620
856,J-AIR,2412,鹿児島,18:10,大阪(伊丹),19:20,329,,10670
857,JTA,572,宮古,18:10,沖縄(那覇),19:00,177,,7150
858,J-AIR,2238,山形,18:10,大阪(伊丹),19:30,385,,11220
859,JAL,2088,沖縄(那覇),18:10,大阪(伊丹),20:00,739,,13200
860,J-AIR,3684,奄美大島,18:10,福岡,19:35,360,,13750
861,FDA,4468,出雲,18:10,名古屋(小牧),19:05,226,,17380
862,FDA,4436,新潟,18:15,名古屋(小牧),19:15,249,,18920
863,J-AIR,2176,秋田,18:15,大阪(伊丹),19:45,439,,11000
864,JAL,326,福岡,18:15,東京(羽田),19:50,567,,14410
865,JAL,218,南紀白浜,18:20,東京(羽田),19:30,303,,16720
866,JTA,625,沖縄(那覇),18:20,石垣,19:20,247,,7590
867,JAL,653,東京(羽田),18:20,鹿児島,20:15,601,,14410
868,JTA,60,沖縄(那覇),18:20,福岡,20:05,537,,15730
869,FDA,4437,名古屋(小牧),18:20,新潟,19:15,249,,18920
870,JAL,3009,東京(成田),18:25,大阪(伊丹),19:50,280,,10120
871,JAL,377,東京(羽田),18:25,北九州,20:15,534,,13310
872,RAC,882,久米島,18:25,沖縄(那覇),19:00,59,,5500
873,J-AIR,2158,青森,18:25,大阪(伊丹),20:10,523,,12100
874,JAL,190,小松,18:25,東京(羽田),19:35,211,,9790
875,JAL,3087,東京(成田),18:30,名古屋(中部),19:45,193,,8360
876,JAL,527,東京(羽田),18:30,札幌(新千歳),20:00,510,,13750
877,JAL,463,東京(羽田),18:30,徳島,19:45,329,,12760
878,FDA,4418,花巻,18:30,名古屋(小牧),19:55,409,,21010
879,J-AIR,2250,新潟,18:35,大阪(伊丹),19:55,314,,9680
880,JAL,130,大阪(伊丹),18:35,東京(羽田),19:45,280,,10120
881,J-AIR,2060,福岡,18:35,大阪(伊丹),19:50,287,,8690
882,JTA,191,東京(羽田),18:40,小松,19:45,211,,9790
883,JTA,16,沖縄(那覇),18:40,岡山,20:25,690,,20570
884,JAL,331,東京(羽田),18:40,福岡,20:40,567,,14410
885,J-AIR,2216,仙台,18:40,大阪(伊丹),20:15,396,,10780
886,J-AIR,697,東京(羽田),18:40,宮崎,20:30,561,,15070
887,JAL,2019,大阪(伊丹),18:40,札幌(新千歳),20:25,666,,11990
888,HAC,2826,秋田,18:45,札幌(丘珠),19:50,238,,8800
889,JAL,149,東京(羽田),18:45,青森,20:05,358,,14300
890,JTA,626,石垣,18:45,沖縄(那覇),19:45,247,,7590
891,J-AIR,2309,大阪(伊丹),18:45,松山,19:35,159,,11330
892,J-AIR,2190,花巻,18:45,大阪(伊丹),20:25,474,,16500
893,HAC,2726,女満別,18:45,札幌(丘珠),19:35,148,,7370
894,JAL,137,東京(羽田),18:45,大阪(伊丹),20:00,280,,10120
895,J-AIR,2906,札幌(新千歳),18:45,仙台,19:55,335,,11000
896,FDA,4392,福岡,18:50,名古屋(小牧),20:10,374,,17050
897,JAL,440,松山,18:50,東京(羽田),20:10,438,,13750
898,RAC,728,与那国,18:50,沖縄(那覇),20:10,316,,23430
899,J-AIR,297,東京(羽田),18:55,山口宇部,20:45,510,,13200
900,JAL,139,東京(羽田),18:55,大阪(伊丹),20:20,280,,10120
901,JAC,3687,鹿児島,18:55,松山,19:50,181,,13420
902,JAL,499,東京(羽田),18:55,高知,20:20,393,,13090
903,JTA,49,名古屋(中部),18:55,沖縄(那覇),21:20,809,,15290
904,JAL,328,福岡,18:55,東京(羽田),20:30,567,,14410
905,JAL,3919,大阪(伊丹),19:00,札幌(新千歳),20:45,666,,11990
906,RAC,838,石垣,19:00,宮古,19:30,72,,12430
907,JAL,4061,長崎,19:00,対馬,19:35,98,,12210
908,JAL,286,出雲,19:00,東京(羽田),20:20,405,,15620
909,J-AIR,2809,札幌(新千歳),19:00,青森,19:50,153,,8250
910,JAC,3756,屋久島,19:00,鹿児島,19:35,102,,9020
911,JAL,639,東京(羽田),19:00,熊本,20:50,568,,15070
912,JAL,918,沖縄(那覇),19:00,東京(羽田),21:10,984,,13860
913,JAC,3798,徳之島,19:00,鹿児島,20:10,296,,15070
914,JAC,3738,奄美大島,19:00,鹿児島,20:05,242,,14410
915,J-AIR,2378,長崎,19:05,大阪(伊丹),20:20,330,,10230
916,JAL,333,東京(羽田),19:05,福岡,21:10,567,,14410
917,JAL,652,鹿児島,19:05,東京(羽田),20:40,601,,14410
918,JAL,3899,福岡,19:10,天草,19:45,78,,14740
919,RAC,884,久米島,19:10,沖縄(那覇),19:45,59,,5500
920,J-AIR,296,山口宇部,19:10,東京(羽田),20:40,510,,13200
921,JAL,615,東京(羽田),19:10,長崎,21:15,610,,16940
922,J-AIR,2366,大分,19:10,大阪(伊丹),20:15,219,,9790
923,J-AIR,2414,鹿児島,19:10,大阪(伊丹),20:30,329,,10670
924,JAL,158,三沢,19:15,東京(羽田),20:40,355,,13750
925,J-AIR,3639,福岡,19:15,宮崎,20:00,131,,6490
926,FDA,4548,熊本,19:15,名古屋(小牧),20:35,375,,18370
927,JAC,3554,出雲,19:15,福岡,20:30,188,,13530
928,J-AIR,178,山形,19:15,東京(羽田),20:25,190,,10780
929,J-AIR,2392,熊本,19:15,大阪(伊丹),20:30,290,,10890
930,J-AIR,2310,松山,19:15,大阪(伊丹),20:10,159,,11330
931,J-AIR,2444,宮崎,19:15,大阪(伊丹),20:30,292,,10340
932,JAL,498,高知,19:15,東京(羽田),20:30,393,,13090
933,FDA,4428,青森,19:15,名古屋(小牧),20:45,465,,21010
934,J-AIR,167,東京(羽田),19:15,秋田,20:25,279,,11110
935,HAC,2754,函館,19:15,札幌(丘珠),19:55,90,,7700
936,JTA,974,石垣,19:20,東京(羽田),22:00,1224,,17050
937,JAL,3118,札幌(新千歳),19:20,名古屋(中部),21:10,614,,12100
938,HAC,2757,札幌(丘珠),19:20,函館,20:00,90,,7700
939,FDA,4319,福岡,19:20,静岡,20:45,451,,20570
940,FDA,4378,高知,19:25,名古屋(小牧),20:25,201,,15620
941,J-AIR,2358,出雲,19:25,大阪(伊丹),20:20,148,,10230
942,J-AIR,2393,大阪(伊丹),19:25,熊本,20:40,290,,10890
943,JAL,335,東京(羽田),19:25,福岡,21:30,567,,14410
944,JAL,655,東京(羽田),19:25,鹿児島,21:20,601,,14410
945,JTA,128,宮古,19:30,大阪(関西),21:35,906,,16830
946,JAL,134,大阪(伊丹),19:30,東京(羽田),20:40,280,,10120
947,JAL,674,大分,19:30,東京(羽田),20:55,499,,15070
948,JAL,588,函館,19:30,東京(羽田),21:00,424,,13200
949,JAL,465,東京(羽田),19:35,徳島,20:55,329,,12760
950,JAL,544,釧路,19:35,東京(羽田),21:25,555,,13640
951,JAL,524,札幌(新千歳),19:35,東京(羽田),21:15,510,,13750
952,JAL,242,岡山,19:40,東京(羽田),20:50,356,,11880
953,JAL,443,東京(羽田),19:40,松山,21:10,438,,13750
954,JAL,151,東京(羽田),19:40,青森,21:00,358,,14300
955,JTA,62,沖縄(那覇),19:45,福岡,21:25,537,,15730
956,FDA,4393,名古屋(小牧),19:45,福岡,21:20,374,,17050
957,JAL,698,宮崎,19:45,東京(羽田),21:15,561,,15070
958,JAL,529,東京(羽田),19:45,札幌(新千歳),21:15,510,,13750
959,J-AIR,2910,札幌(新千歳),19:45,仙台,20:50,335,,11000
960,JTA,2063,福岡,19:45,沖縄(那覇),21:35,537,,15730
961,FDA,4438,新潟,19:50,名古屋(小牧),20:50,249,,18920
962,JAL,558,旭川,19:50,東京(羽田),21:40,576,,14190
963,JAL,920,沖縄(那覇),19:50,東京(羽田),22:05,984,,13860
964,JAL,209,東京(羽田),19:55,名古屋(中部),21:00,193,,8360
965,JTA,46,沖縄(那覇),19:55,名古屋(中部),21:50,809,,15290
966,JAL,241,東京(羽田),19:55,岡山,21:15,356,,11880
967,J-AIR,2217,大阪(伊丹),19:55,仙台,21:10,396,,10780
968,JAL,267,東京(羽田),19:55,広島,21:25,414,,12540
969,J-AIR,2419,大阪(伊丹),19:55,鹿児島,21:10,329,,10670
970,JAL,576,帯広,19:55,東京(羽田),21:40,526,,14190
971,JAL,671,東京(羽田),19:55,大分,21:40,499,,15070
972,RAC,804,宮古,20:00,沖縄(那覇),20:55,177,,7150
973,JAL,566,女満別,20:00,東京(羽田),21:55,609,,14410
974,FDA,4394,福岡,20:00,名古屋(小牧),21:20,374,,17050
975,JAL,925,東京(羽田),20:00,沖縄(那覇),22:50,984,,13860
976,FDA,4408,熊本,20:00,名古屋(小牧),21:20,375,,18370
977,JAL,4062,対馬,20:05,長崎,20:45,98,,12210
978,J-AIR,3608,松山,20:05,福岡,21:05,131,,12980
979,JTA,86,石垣,20:05,大阪(関西),22:15,969,,17930
980,J-AIR,2061,大阪(伊丹),20:05,福岡,21:30,287,,8690
981,JAL,330,福岡,20:05,東京(羽田),21:45,567,,14410
982,JAL,138,大阪(伊丹),20:10,東京(羽田),21:20,280,,10120
983,JAL,526,札幌(新千歳),20:10,東京(羽田),21:55,510,,13750
984,J-AIR,3641,福岡,20:10,宮崎,21:00,131,,6490
985,JAL,487,東京(羽田),20:15,高松,21:35,354,,13310
986,JTA,9,大阪(関西),20:15,沖縄(那覇),22:30,739,,13200
987,JAC,3686,松山,20:20,鹿児島,21:20,181,,13420
988,JAL,486,高松,20:20,東京(羽田),21:30,354,,13310
989,JTA,192,小松,20:25,東京(羽田),21:35,211,,9790
990,J-AIR,2909,仙台,20:25,札幌(新千歳),21:30,335,,11000
991,JAL,464,徳島,20:30,東京(羽田),21:45,329,,12760
992,J-AIR,2810,青森,20:30,札幌(新千歳),21:15,153,,8250
993,JAL,266,広島,20:30,東京(羽田),21:50,414,,12540
994,JAL,599,東京(羽田),20:30,札幌(新千歳),22:10,510,,13750
995,JAL,638,熊本,20:30,東京(羽田),22:00,568,,15070
996,JTA,48,沖縄(那覇),20:35,名古屋(中部),22:30,809,,15290
997,J-AIR,3642,宮崎,20:35,福岡,21:30,131,,6490
998,JAL,616,長崎,20:35,東京(羽田),22:10,610,,16940
999,JAL,193,東京(羽田),20:40,小松,21:45,211,,9790
1000,JAL,531,東京(羽田),20:40,札幌(新千歳),22:15,510,,13750
1001,JAL,922,沖縄(那覇),20:50,東京(羽田),23:05,984,,13860
1002,JTA,65,福岡,20:50,沖縄(那覇),22:35,537,,15730
1003,JAL,150,青森,20:50,東京(羽田),22:15,358,,14300
1004,JAL,378,北九州,20:55,東京(羽田),22:20,534,,13310
1005,JAL,229,東京(羽田),20:55,大阪(関西),22:15,280,,10120
1006,J-AIR,168,秋田,21:00,東京(羽田),22:15,279,,11110
1007,JAL,654,鹿児島,21:00,東京(羽田),22:35,601,,14410
1008,JAL,332,福岡,21:05,東京(羽田),22:40,567,,14410
1009,JAL,228,大阪(関西),21:05,東京(羽田),22:15,280,,10120
1010,JAL,528,札幌(新千歳),21:10,東京(羽田),22:50,510,,13750
1011,JAL,530,札幌(新千歳),21:15,東京(羽田),23:00,510,,13750
1012,JAL,208,名古屋(中部),21:20,東京(羽田),22:20,193,,8360
